{
    "resolution": {
        "width": 800,
        "height": 600
    },
    "cameraIntrinsics": {
        "rows": 3,
        "cols": 3,
        "type": 6,
        "data": [
            688.7179616,
            0,
            425.3777907,
            0,
            688.0630804,
            296.9676356,
            0,
            0,
            1
        ]
    },
    "distCoeffs": {
        "rows": 1,
        "cols": 8,
        "type": 6,
        "data": [
            0.03634959679,
            -0.03747017712,
            -0.001644765785,
            0.001924735135,
            -0.03489194343,
            -0.0009116825682,
            0.002672857081,
            0.001764882501
        ]
    },
    "observations": [],
    "calobjectWarp": [],
    "calobjectSize": {
        "width": 0,
        "height": 0
    },
    "calobjectSpacing": 0
}