{
    "resolution": {
        "width": 800,
        "height": 600
    },
    "cameraIntrinsics": {
        "rows": 3,
        "cols": 3,
        "type": 6,
        "data": [
            679.3493511,
            0,
            383.0115666,
            0,
            678.4704644,
            302.6960155,
            0,
            0,
            1
        ]
    },
    "distCoeffs": {
        "rows": 1,
        "cols": 8,
        "type": 6,
        "data": [
            0.04641806257,
            -0.09600417407,
            0.001640191502,
            -0.0007637522736,
            0.07364456003,
            -0.001445877419,
            0.003905433161,
            -0.003008349553
        ]
    },
    "observations": [],
    "calobjectWarp": [],
    "calobjectSize": {
        "width": 0,
        "height": 0
    },
    "calobjectSpacing": 0
}