{
    "resolution": {
        "width": 1280,
        "height": 720
    },
    "cameraIntrinsics": {
        "rows": 3,
        "cols": 3,
        "type": 6,
        "data": [
            899.5897722,
            0,
            615.3271407,
            0,
            898.9476844,
            362.5163994,
            0,
            0,
            1
        ]
    },
    "distCoeffs": {
        "rows": 1,
        "cols": 8,
        "type": 6,
        "data": [
            0.04538893444,
            -0.07587975914,
            -0.0008836353551,
            0.0007790819747,
            0.00718152639,
            -5.013066044e-05,
            -0.005036730799,
            -0.004354903394
        ]
    },
    "observations": [],
    "calobjectWarp": [],
    "calobjectSize": {
        "width": 0,
        "height": 0
    },
    "calobjectSpacing": 0
}