{
    "resolution": {
        "width": 640,
        "height": 480
    },
    "cameraIntrinsics": {
        "rows": 3,
        "cols": 3,
        "type": 6,
        "data": [
            542.0104501,
            0,
            333.3278801,
            0,
            542.5162358,
            237.4425456,
            0,
            0,
            1
        ]
    },
    "distCoeffs": {
        "rows": 1,
        "cols": 8,
        "type": 6,
        "data": [
            0.04907863852,
            -0.08349906066,
            -0.0006871370634,
            -0.0003987506983,
            0.02401438502,
            -0.001801873329,
            0.00352507914,
            -0.0008960483173
        ]
    },
    "observations": [],
    "calobjectWarp": [],
    "calobjectSize": {
        "width": 0,
        "height": 0
    },
    "calobjectSpacing": 0
}